*** Test Cases ***;${search};${tool};${quantity};[Tags];[Documentation]
;Pliers;Slip Joint Pliers;1;;;
;Pliers;Slip Joint Pliers;2;;;
;Pliers;Slip Joint Pliers;3;;;
;Pliers;Slip Joint Pliers;4;;;
;Pliers;Slip Joint Pliers;5;;;
;Pliers;Slip Joint Pliers;6;;;
;Pliers;Slip Joint Pliers;7;;;
;Pliers;Slip Joint Pliers;8;;;
;Pliers;Slip Joint Pliers;9;;;
;Pliers;Slip Joint Pliers;10;;;
;Pliers;Slip Joint Pliers;11;;;
;Pliers;Slip Joint Pliers;12;;;
;Pliers;Slip Joint Pliers;13;;;
;Pliers;Slip Joint Pliers;14;;;
;Pliers;Slip Joint Pliers;15;;;
;Pliers;Slip Joint Pliers;16;;;
;Pliers;Slip Joint Pliers;17;;;
;Pliers;Slip Joint Pliers;18;;;
;Pliers;Slip Joint Pliers;19;;;
;Pliers;Slip Joint Pliers;20;;;
;Pliers;Slip Joint Pliers;21;;;
;Pliers;Slip Joint Pliers;22;;;
;Pliers;Slip Joint Pliers;23;;;
;Pliers;Slip Joint Pliers;24;;;
;Pliers;Slip Joint Pliers;25;;;
;Pliers;Slip Joint Pliers;26;;;
;Pliers;Slip Joint Pliers;27;;;
;Pliers;Slip Joint Pliers;28;;;
;Pliers;Slip Joint Pliers;29;;;
;Pliers;Slip Joint Pliers;30;;;
;Pliers;Slip Joint Pliers;31;;;
;Pliers;Slip Joint Pliers;32;;;
;Pliers;Slip Joint Pliers;33;;;
;Pliers;Slip Joint Pliers;34;;;
;Pliers;Slip Joint Pliers;35;;;
;Pliers;Slip Joint Pliers;36;;;
;Pliers;Slip Joint Pliers;37;;;
;Pliers;Slip Joint Pliers;38;;;
;Pliers;Slip Joint Pliers;39;;;
;Pliers;Slip Joint Pliers;40;;;
;Pliers;Slip Joint Pliers;41;;;
;Pliers;Slip Joint Pliers;42;;;
;Pliers;Slip Joint Pliers;43;;;
;Pliers;Slip Joint Pliers;44;;;
;Pliers;Slip Joint Pliers;45;;;
;Pliers;Slip Joint Pliers;46;;;
;Pliers;Slip Joint Pliers;47;;;
;Pliers;Slip Joint Pliers;48;;;
;Pliers;Slip Joint Pliers;49;;;
;Pliers;Slip Joint Pliers;50;;;